url,title
http://www.youtube.com/watch?v=xuImZfKmbE8,Eyedress - Lies Tear Us Apart/When The Planets Align
http://www.youtube.com/watch?v=zsWWX_9UI6Q,Private video
http://www.youtube.com/watch?v=y38c1tbfBDc,Final Flash - Lord Rao + Cupp Cave + Herrmutt Lobby.
http://www.youtube.com/watch?v=gbg27oT8Z9M,ANOTHER ONE
http://www.youtube.com/watch?v=vyvrjas3rHA,DeeCee What You Know About (Music Video)
http://www.youtube.com/watch?v=GwYdHYFtd3U,DonMonique - You Ain't Heard (Prod. by Ryan Scott) [OFFICIAL VIDEO]
http://www.youtube.com/watch?v=j4ngcp8nznE,"Storm' from my 4th solo album 'In A Low Light"""
http://www.youtube.com/watch?v=1FkOovyeUWg,Klein - Fake Frendz
http://www.youtube.com/watch?v=g4gGbU0qGLM,Black Josh & Pete Cannon - Know About It OFFICIAL VIDEO
http://www.youtube.com/watch?v=H-HFGfwZJ0c,ESTE
http://www.youtube.com/watch?v=qbCbrhqADsM,Bullion - Saysah! (official video)
http://www.youtube.com/watch?v=sRuUeEQqsOY,Amani Fela - Night Zoo (prod. jax)
http://www.youtube.com/watch?v=-umRkWTZcco,Beach Baby - No Mind No Money
http://www.youtube.com/watch?v=r9eCOoQv7-g,"Expressive feat BJ The Chicago Kid, Illa J, Rosewood 2055"
http://www.youtube.com/watch?v=iJy8VgB83OQ,FIDLAR - 40oz. On Repeat
http://www.youtube.com/watch?v=Jlu1XyPexn8,"Omar Souleyman ""Bahdeni Nami"" (prod. by Four Tet)"
http://www.youtube.com/watch?v=k91GXps9MVI,"ANDERSON .PAAK ""THE CITY"" (OFFICIAL VIDEO)"
http://www.youtube.com/watch?v=MX32paeph9Q,Salomon Faye - Black Power
http://www.youtube.com/watch?v=93JC2M4_gPY,bobby raps & corbin - welcome to the hell zone
http://www.youtube.com/watch?v=2WduYl9FE_U,Awate - Birthday
http://www.youtube.com/watch?v=P8NfpRzP5KE,KR - Play My Shit (Official Music Video)
http://www.youtube.com/watch?v=2iVf1jCTXTE,JAWS - Bad Company
http://www.youtube.com/watch?v=RPE5Ruj67Sg,Towkio - Reflection (prod. Kaytranada)
http://www.youtube.com/watch?v=GR76BXhuPrg,"Little Simz - Guess Who ft. Josh Arcé, Chuck20, and Tilla"
http://www.youtube.com/watch?v=d89TkcSIj6o,Aldous RH - Seductive Atmospheres
http://www.youtube.com/watch?v=oFBL9N04EnA,"JUICEBOXXX ""WALKING IN MILWAUKEE"" (OFFICIAL VIDEO)"
http://www.youtube.com/watch?v=RhT_gVh_73w,Redrawing Taylor Swift - Shake it Off Rotoscoped
http://www.youtube.com/watch?v=dTek4AdPkik,More fire crew- Oi
http://www.youtube.com/watch?v=BF2o7wOPhcg,Tilapia - Jaguar
http://www.youtube.com/watch?v=BhSc_ijmECw,Remy Banks - exhale.
http://www.youtube.com/watch?v=5tV37E7xie4,Rone - Acid Reflux (binaural audio version optimized for headphones)
http://www.youtube.com/watch?v=pJJyKlRxyvA,Run The Jewels - Early (Official Music Video from Run The Jewels 2)
http://www.youtube.com/watch?v=b2yyV8iNTTk,Juice VCR | Ident 003
http://www.youtube.com/watch?v=lo8iG8JyYMQ,Juice VCR | Ident 004
http://www.youtube.com/watch?v=KSWqtKVPocI,Juice VCR | Ident 002
http://www.youtube.com/watch?v=StI1yu-Xtkk,Juice VCR | Ident 001
http://www.youtube.com/watch?v=Xi1_GYahCSs,King Krule - The Noose of Jah City
http://www.youtube.com/watch?v=kpkr79srKTE,King Krule - A Lizard State (Official Video)
http://www.youtube.com/watch?v=hvZJI8rerWA,King Krule — Rock Bottom [Official Video]
http://www.youtube.com/watch?v=o-3q0e-ZRsg,"Rejjie Snow - ""Lost in Empathy"" (Official Video)"
http://www.youtube.com/watch?v=2JiDZSTO53w,BLACK PANCAKES
http://www.youtube.com/watch?v=rXCMBlhat3s,Rejjie Snow / Nights Over Georgia
http://www.youtube.com/watch?v=9Z9OkQrzw60,Cayucas - Will The Thrill (Official Video)
http://www.youtube.com/watch?v=Ahq5D5mdyIE,(VIDEO) Yung Simmie - Popeye FT Cashy
http://www.youtube.com/watch?v=oACQyGiM9Lg,Django Django - First Light (Official Video)
http://www.youtube.com/watch?v=Cpo-FfQgjjc,Obey City - Waterbed ft Anthony Flammia (Official Video)
http://www.youtube.com/watch?v=KESiOVOufm4,Dutch Uncles - Decided Knowledge
http://www.youtube.com/watch?v=jNMt5BV_7MY,Mutual Attraction - Lost tape
http://www.youtube.com/watch?v=tW3jeUUpCHg,Stinkin Slumrok & Bisk - Catfish [Official Video]
http://www.youtube.com/watch?v=ebxfrJJ_S1k,Palmbomen II - Carina Sayles [Official Video]
http://www.youtube.com/watch?v=qrX1fun4zb4,Jam Baxter - Caravan (OFFICIAL VIDEO) (Prod. Chemo)
http://www.youtube.com/watch?v=w-ba3H_Sv6o,Loyle Carner - BFG (Official Video)
http://www.youtube.com/watch?v=mul1TqclutU,Proxima — Trapped [Official Video]
http://www.youtube.com/watch?v=T0f5k9SgefI,BRONCHO - NC-17 [Official Music Video]
http://www.youtube.com/watch?v=pms-yrJdzcQ,Fort Romeau & New Jackson - Not A Word
http://www.youtube.com/watch?v=46JvVR6jw1E,Kano - Hail (Official Video)
http://www.youtube.com/watch?v=KOFw2UPLdPk,Yung Lean & Thaiboy Digital - Diamonds
http://www.youtube.com/watch?v=jzMhcP7ab3k,"D.R.A.M. - ""Cha Cha"" (Official Music Video)"
http://www.youtube.com/watch?v=fVRML2TfPy8,CASisDEAD - Nigella
http://www.youtube.com/watch?v=lWWr3X_d5rU,"Marching Church ""Hungry For Love"" (Official Music Video)"
http://www.youtube.com/watch?v=NzQnZX2l0T4,SIR E.U - Fireday (Official Music Video)
http://www.youtube.com/watch?v=wjNRk63XFdk,LOS YUMAS ~LOS FOREIGN~ OFFICIAL VIDEO
http://www.youtube.com/watch?v=j-F3_Me--a4,"Errors ""Slow Rotor"" - Official Music Video"
http://www.youtube.com/watch?v=jYbnc0f5jlA,DTA OFFICIAL VIDEO feat. SENDAWG & YT prod by DJ $ABREWATTS
http://www.youtube.com/watch?v=caLcG23HIBA,Sekuoia - Somewhere
http://www.youtube.com/watch?v=4gpu62Ps0B4,YUNG - Nobody Cares
http://www.youtube.com/watch?v=kC8JhRf-U60,Nick Edward Harris / Trying To Be Silent (Official Video)
http://www.youtube.com/watch?v=Dfq1256osCA,Elijah Bank$y // SAMO
http://www.youtube.com/watch?v=hOamCSaPWoU,Flako - Kuku (Official Video) HD
http://www.youtube.com/watch?v=RvpxAbHwchA,Kid Smpl - Ja (Official Video)
http://www.youtube.com/watch?v=5PTHFL63sTQ,"DOOMTREE ""Final Boss"" (Official Music Video)"
http://www.youtube.com/watch?v=FPK2EJYBfHo,Shamz Le Roc - Bus Route
http://www.youtube.com/watch?v=-7A9213oZ5s,Panes - Stills
http://www.youtube.com/watch?v=oTgvyUQhvJ4,Lee Scott & Black Josh - Skedaddle (prod by Baileys Brown) OFFICIAL VIDEO
http://www.youtube.com/watch?v=vktWBv3U4SM,Black Josh - Sky High ft Bill Shakes (prod by Reklews) OFFICIAL VIDEO
http://www.youtube.com/watch?v=b5TCEdMWDBc,Latrell James - The Button [Official Video]
http://www.youtube.com/watch?v=OQTImQ0RQNg,Bones - Sodium
http://www.youtube.com/watch?v=wohGKbLvZbo,salute - Silver Tides (Official Video)
http://www.youtube.com/watch?v=Kc1htX3q-F0,Sleater-Kinney - A New Wave [OFFICIAL VIDEO]
http://www.youtube.com/watch?v=dXctA2BqF9A,Pussy Riot - I Can't Breathe
http://www.youtube.com/watch?v=cOEIV_cfNnc,Man-Z - Coulda Told The Truth (Official Music Video)
http://www.youtube.com/watch?v=wCBYfTdi8Mk,IM CRAZY (Official Music Video)
http://www.youtube.com/watch?v=UWntf94yDyc,JALALI SET - SURA TARGET (Official Music Video)
http://www.youtube.com/watch?v=fQ0gt-HURWQ,Onoe Caponoe - Horse In The Hill (Quadrant) (OFFICIAL VIDEO) (Prod. Chemo)
http://www.youtube.com/watch?v=UrVG4Al2KqM,AIR POP - INTELEXUAL
http://www.youtube.com/watch?v=9bVsHZyR_tQ,Pyramid Quince - We Don't Hear You (Prod. Dexter Dukarus)
http://www.youtube.com/watch?v=m4-9mYrbXVI,Kelela - A Message (Official Video)
http://www.youtube.com/watch?v=NVmqIGerl7Q,Azealia Banks - Wallace (Official)
http://www.youtube.com/watch?v=yBTXOaGh8tU,Dr. Yen Lo - Day 3
http://www.youtube.com/watch?v=ybzSWlpgJOA,Holly Herndon - Interference [Official Video]
http://www.youtube.com/watch?v=-p9WnMAa-Xk,Subzy | All I See [Music Video]: SBTV
http://www.youtube.com/watch?v=1GNfa7ciL24,Filthy Funk | Burn 'Em Up [Music Video]: SBTV
http://www.youtube.com/watch?v=tpY-DPB2NYk,Dizzee Rascal ft. Giggs - Nutcrackerz (Official Video)
http://www.youtube.com/watch?v=R5LM5I98lZg,G L O G A N G - Chief Keef & Andy Milonakis Music Video
http://www.youtube.com/watch?v=hzxQvfpmebA,Jazz Cartier - New Religion
http://www.youtube.com/watch?v=4q6-MXnjC5Y,Denzel Curry - Ultimate [Teaser] Prod. Ronny J
http://www.youtube.com/watch?v=Qa2mWplqebQ,Pictureplane - Hyper Real (Official Video)
http://www.youtube.com/watch?v=cNbFc-fa-ww,FKA twigs -­ Glass & Patron (Official Music Video­ YTMAs)
http://www.youtube.com/watch?v=tce3sb_Bp74,MC Miliband X BBK- That's Not Me
http://www.youtube.com/watch?v=f7J6KlL35e4,"DeJ Loaf ""On MY Own"" Video"
http://www.youtube.com/watch?v=7OsJ7Fg8hNk,Kindness - I'll Be Back (Official Video)
http://www.youtube.com/watch?v=6agm70qBVZk,Uzzee | The Return [Music Video]: SBTV
http://www.youtube.com/watch?v=HHn4ebfWLdk,CHAE BUTTUH - BITCH FROM THE SOUTH [PROMO]
http://www.youtube.com/watch?v=xGox2wVCLuw,Azealia Banks - Ice Princess
http://www.youtube.com/watch?v=K5u4CWZt2jc,"BOTZY - ""Couldn't Believe My Eyes"""
http://www.youtube.com/watch?v=siHQVEStDlg,Metronomy - The Upsetter (Official Video)
http://www.youtube.com/watch?v=jd13OsxfqCo,"BOTZY - ""Flameburger"""
http://www.youtube.com/watch?v=pwSvL08isHo,Death Grips - I Break Mirrors With My Face in The United States
http://www.youtube.com/watch?v=DwY7WM3p0u0,"GypjaQ feat. Azealia Banks - ""Blown Away"" (Official Video)"
http://www.youtube.com/watch?v=HnMR1JpxwXo,Towkio - Free Your Mind ft Donnie Trumpet (prod. Cam Obi & The Social Experiment)
http://www.youtube.com/watch?v=_89IW1D8Wmw,JME - WORK
http://www.youtube.com/watch?v=jZ0nUJrZfrI,Fliptrix - Jeheeze (OFFICIAL VIDEO) (Prod. Molotov)
http://www.youtube.com/watch?v=MWHpoJT3qK4,björk: lionsong
http://www.youtube.com/watch?v=JOj0JjcdCO4,Whistlejacket - Mr Melon
http://www.youtube.com/watch?v=TwHsg2XO--c,JME - INTEGRITY
http://www.youtube.com/watch?v=0mmyPnF7Fo0,Låpsley - Brownlow
http://www.youtube.com/watch?v=NBlCM9gSqGg,"Eskmo: ""Mind of War"" (Official Video)"
http://www.youtube.com/watch?v=N9XKLqGqwLA,Grimes - REALiTi
http://www.youtube.com/watch?v=Bsd285VkB2E,Jme - Taking Over? (It Ain't Working)
http://www.youtube.com/watch?v=0w1HvZjYVJo,WHEN DID YOUR LAST ROSE DIE?
http://www.youtube.com/watch?v=GL3iIpT2EGE,Skepta - All Over The House (Official Unsensored Video)
http://www.youtube.com/watch?v=MHMcrfXxlDM,"Shlohmo - ""Beams"""
http://www.youtube.com/watch?v=HAXvkbOzK6E,björk: family (moving album cover)
http://www.youtube.com/watch?v=KAUyPTDFO9Y,James Pants - Broth
http://www.youtube.com/watch?v=MRSbsowhN94,Subzy - Music For Your Soul Ft. Chany & Jungle VIP (Official Music Video)
http://www.youtube.com/watch?v=cinJDxLUsNY,Death Grips - On GP
http://www.youtube.com/watch?v=0OmtRTqeW2s,Ghostpoet - X Marks The Spot feat. Nadine Shah (Official Video) #Openshoot
http://www.youtube.com/watch?v=eeLLjJFNKSI,of Montreal - Bassem Sabry [OFFICIAL MUSIC VIDEO]
http://www.youtube.com/watch?v=PxbzujA69DA,STORMZY [@STORMZY1] - KNOW ME FROM
http://www.youtube.com/watch?v=_9rPiexwJJA,Devonté Hynes and Neneh Cherry - He She Me
http://www.youtube.com/watch?v=cR9HlzpUXyM,Yung Simmie - iLL As Fuk (VIDEO)
http://www.youtube.com/watch?v=zsW28Hve4JU,KOOSH OFFICIAL VIDEO feat. SENDAWG + YT
http://www.youtube.com/watch?v=rbOuurlIP2U,Dressin Red - Our Love (Official Video)
http://www.youtube.com/watch?v=25sPTjYN_Bk,TYGAPAW- Keep On
http://www.youtube.com/watch?v=ue6LPGZkyqo,Tee Vish & Jenna G - Don't Hold Back (Official Video)
http://www.youtube.com/watch?v=RRqluZ_5eeA,Alone Now (Official Music Video) - Zebra Katz
http://www.youtube.com/watch?v=MXEQws-jGMI,Sam Binga - Tek Nuh Chat - ft. Redders (Official Video)
http://www.youtube.com/watch?v=9PqPukvQgTk,YOUNG GIRLS - PRINCESS NOKIA
http://www.youtube.com/watch?v=3yDP9MKVhZc,FKA twigs - Two Weeks
http://www.youtube.com/watch?v=O8yix8PZKlw,FKA twigs - Pendulum
http://www.youtube.com/watch?v=5S7NY-q1_cc,"Show Me the Body - ""One Train"" (Official Video)"
http://www.youtube.com/watch?v=NU36Rz3Ui1U,Salomon Faye - Luv (Feat. Raveena) Official Music Video
http://www.youtube.com/watch?v=6LwBZnxqeEg,Loyle Carner - October Ft. Kiko Bun (Official Video)
http://www.youtube.com/watch?v=6t-zUa0UaW0,"TOPS - ""Outside"" (Official Video)"
http://www.youtube.com/watch?v=XY6cTtEcxXw,Oscar - Sometimes
http://www.youtube.com/watch?v=0HsdHnWYU9I,Sean Nicholas Savage - Spotted Brown
http://www.youtube.com/watch?v=fM8TvwsgOxM,ANTWON // 3RD WORLD GRRL MUSIC VIDEO
http://www.youtube.com/watch?v=KBll4N6tYcE,Sean Nicholas Savage - Empire (official video)
http://www.youtube.com/watch?v=Tcad8fQcLRM,Poison Ivory - Mr. Wonderful
http://www.youtube.com/watch?v=vQBBLRCQV0w,Denzel Curry - Zone 3 (OFFICIAL VIDEO)
http://www.youtube.com/watch?v=NWg51-ERYWE,Phresh James - Indigo
http://www.youtube.com/watch?v=7VoXGd44FNE,"Robb Bank$ - ""Ice Cold"" [Official Video]"
http://www.youtube.com/watch?v=t6vTseV83EQ,"Cakes Da Killa - Living Gud, Eating Gud"
http://www.youtube.com/watch?v=AtwVdabW0GE,JUNGLEPUSSY - NAH
http://www.youtube.com/watch?v=r5GCn1BKkxg,Death Grips - Inanimate Sensation
http://www.youtube.com/watch?v=Ud1S25WXN9I,TRASH TALK - THE HOLE
http://www.youtube.com/watch?v=OEM2D-BnvM8,Girlpool - Plants And Worms (Official Video)
http://www.youtube.com/watch?v=SoxbvE1Doog,Silk Rhodes - Pains
http://www.youtube.com/watch?v=vNy_7tXTgVc,Pyramid Vritra - Palace (Official video)
http://www.youtube.com/watch?v=6YW_RqTuZMw,BADBADNOTGOOD & Ghostface Killah - Ray Gun ft. DOOM (Official Video)
http://www.youtube.com/watch?v=BEOximWoFd0,"Run the Jewels - ""Lie, Cheat, Steal"" (Official Video)"
http://www.youtube.com/watch?v=6OpdjbzTIhM,"Young Thug, Freddie Gibbs & A$AP Ferg - Old English"
http://www.youtube.com/watch?v=9h4CTdIhDF0,Girlpool - Chinatown (Official Video)
http://www.youtube.com/watch?v=DDRxCzKjagA,RiiahWORLD - Rinse & Repeat
http://www.youtube.com/watch?v=xX4u7LDp-jg,TheKidd EP FT El Caetano - Coca-Hiena (Music Video)
http://www.youtube.com/watch?v=5IP4BFBFvgo,ANTWON - METRO NOME (FEATURING WIKI)
http://www.youtube.com/watch?v=-JtTrd_Xaj0,Antwon - Don't Care
http://www.youtube.com/watch?v=ihextXXsLew,RATKING - Snow Beach
http://www.youtube.com/watch?v=Ak4vLEBxIo4,"Flying Lotus - Coronus, The Terminator"
http://www.youtube.com/watch?v=Yzdb4gEaF6E,RATKING - So It Goes
http://www.youtube.com/watch?v=Cmjl7s-KliY,spooky black - dj khaled is my father
http://www.youtube.com/watch?v=h_ZKRFxxFU0,Mndsgn - Camelblues
http://www.youtube.com/watch?v=LPhA3yucb-E,Pyramid Vritra - Like Summer
http://www.youtube.com/watch?v=nQOD8M6Okoc,Heavy Metal And Reflective (Official Music Video) - Azealia Banks
http://www.youtube.com/watch?v=im9UzhOxVlI,spooky black - reason
http://www.youtube.com/watch?v=jtTjzDTpx8o,Azealia Banks - Chasing Time (Official)
http://www.youtube.com/watch?v=0hFLziSdH4M,ANTWON // HANDSOME MUSIC VIDEO
http://www.youtube.com/watch?v=n69dxQ3djsE,Little Simz - Intervention
http://www.youtube.com/watch?v=gFhKRt5g7LU,"Moon Duo ""Animal"" featuring Richie Jackson (Official Music Video)"
http://www.youtube.com/watch?v=07sS7HORWFw,"Twerps ""Stranger"""
http://www.youtube.com/watch?v=A0HFtcCRVNc,Jungle - Julia
http://www.youtube.com/watch?v=sIIz3Q4N3lU,Shinobi Ninja - Saw Red (Official)
http://www.youtube.com/watch?v=0qyUTmMFYS4,"Clarence Clarity - Meadow Hopping, Traffic Stopping, Death Splash"
http://www.youtube.com/watch?v=KRZebY0ytAU,"Via Rosa ""One More"""
http://www.youtube.com/watch?v=5souw4K5UQc,Bones - HDMI
http://www.youtube.com/watch?v=YiTlYkyVe9g,BIG MOMMA - DENTATA (OFFICIAL VIDEO)
http://www.youtube.com/watch?v=zwFHiSRc19E,"Gang of Four feat. Alison Mosshart - ""England’s in My Bones"" (Official Video)"
http://www.youtube.com/watch?v=b-sI8fFj5yI,Suicide Slide - Black Shapes
http://www.youtube.com/watch?v=mVR10CD2Alk,"Shlohmo - ""Buried"""
http://www.youtube.com/watch?v=BW3NFKJj5ts,East India Youth - CAROUSEL
http://www.youtube.com/watch?v=JYOYqn4No1w,The Four Owls - Think Twice (Prod. DJ Premier) (OFFICIAL VIDEO)
http://www.youtube.com/watch?v=hn0_c7V7PMg,SENDAWG - SEN-RUNNER - BURNING IN HELL (OFFICIAL VIDEO)
http://www.youtube.com/watch?v=wye11fIOS9c,Chevron - Shimoda
http://www.youtube.com/watch?v=pPsIDfpCEyM,"Rome Fortune - ""OneDay"" (Official Video) [Prod by CitoOnTheBeat & Richard Adderley]"
http://www.youtube.com/watch?v=S6n-_Fc5QX4,RASKLz - superDUPER (Official Music Video)
http://www.youtube.com/watch?v=DPC9erC5WqU,"Keith Ape - 잊지마 (It G Ma) (feat. JayAllDay, Loota, Okasian & Kohh) [Official Music Video]"
http://www.youtube.com/watch?v=dKuQmtp7Umk,JGRXXN - Get Buck (Official Video)
http://www.youtube.com/watch?v=o-nr1nNC3ds,Pedestrian At Best - Courtney Barnett
http://www.youtube.com/watch?v=zW1kP99mok4,"Viet Cong - ""Silhouettes"" (Official Video)"
http://www.youtube.com/watch?v=GTSMQjzGDIg,"BATTY BOYS ""JUST A TASTE"" (TZ023)"
http://www.youtube.com/watch?v=JDRIjRYvbRI,"JUICEBOXXX ""BACK SEAT"" (CRAZY FACIAL HAIR WOAH)"
http://www.youtube.com/watch?v=_U389fISBXg,Lxury - Square 1 feat. Deptford Goth (Official Video)
http://www.youtube.com/watch?v=88U_dMhhfNI,Ibeyi - Mama Says (Official Video)
http://www.youtube.com/watch?v=LDuf6_-CzEQ,annelia anderson - pour une infante défunte
http://www.youtube.com/watch?v=nkpFk9knl08,"BATTY BOYS ""HONEY"" (TZ023)"
http://www.youtube.com/watch?v=Y37d3Aiq4OA,Kill Frenzy - All Night Long [Official Video]
http://www.youtube.com/watch?v=fMHP-1I9hEg,ANTWON // GET OUT MY FACE
http://www.youtube.com/watch?v=kgTh6urcmhQ,Fránçois & The Atlas Mountains - Ayan Filé (Official Video)
http://www.youtube.com/watch?v=jA4ZkAFOaV8,Fatima - Biggest Joke Of All (Official Video)
http://www.youtube.com/watch?v=kK-1axSGkXc,Dan Deacon - Feel The Lightning (Official Video)
http://www.youtube.com/watch?v=Z-PkqnOIzK8,Papa J. Ruiz - Me Against The World [Official Music Video]
http://www.youtube.com/watch?v=kapr0zHRZEE,VON POE VII - Everything Has A Meaning [Official Music Video]
http://www.youtube.com/watch?v=ULSEIHnbUdM,U - Pilgrimage [Official Video]
http://www.youtube.com/watch?v=dX6MU_tcApA,Joey Purp - Don't Stop
http://www.youtube.com/watch?v=A1dXxTSV-cI,Jabu - Chamber
http://www.youtube.com/watch?v=vtlbtt3DrDM,Joseph Marinetti - Ms Telesales (Official)
http://www.youtube.com/watch?v=si3YMVIrWFg,Julio Bashmore - KONG feat. Bixby
http://www.youtube.com/watch?v=-wuaKSlU7Ts,"Jacques Greene - After Life, After Party (Official)"
http://www.youtube.com/watch?v=m0e5IuBDxi8,Two Times a Charm - Official Video
http://www.youtube.com/watch?v=5PXUHlQZFc4,Joseph Marinetti - Lipsync (Official)
http://www.youtube.com/watch?v=pfwxe2mo5Gg,Claude Speeed - Some Other Guy (Official)
http://www.youtube.com/watch?v=qC8feW4gomo,"Kemekem (I Like Your Afro) by Meklit, Featuring Samuel Yirga"
http://www.youtube.com/watch?v=z_kLmNPlolY,Hudson Mohawke - Very First Breath (Official Video) ft. Irfane
http://www.youtube.com/watch?v=auKO2U6Q60g,Lapalux - Puzzle (feat. Andreya Triana) (Official Video)
http://www.youtube.com/watch?v=n0Kw-lSePjA,Белка.mp4
http://www.youtube.com/watch?v=LujU06oCaEU,Eternal Promise
http://www.youtube.com/watch?v=ksC5f8ET0iY,Cyrax - I Like (Official Video)
http://www.youtube.com/watch?v=ArUrOOuA6mU,poshgod - shawty get me high
http://www.youtube.com/watch?v=t99r8JSdI7s,Lil Ugly Mane - Throw Dem Gunz
http://www.youtube.com/watch?v=eyuFqpQ-dvY,"Drums of Death featuring Azealia Banks & Franklin Fuentes - ""FIERCE"" (Official Video)"
http://www.youtube.com/watch?v=ZLp7M5SMBkQ,Vic Mensa | ORANGE SODA (Official Music Video)
http://www.youtube.com/watch?v=tFqz4_sSaAk,Dillon Cooper - State of Elevation
http://www.youtube.com/watch?v=iuC1TF4ZISA,Vic Mensa - YNSP (feat. Eliza Doolittle) OFFICIAL VIDEO HD
http://www.youtube.com/watch?v=kuiwNb-Pxcc,"Denzel Curry - ""Parents"" Official Music Video Premiere | First Look"
http://www.youtube.com/watch?v=OLIk0N5DDac,THE NEW MECCA || PROD BY THEMPEOPLE
http://www.youtube.com/watch?v=5POpRDcsWDo,Show Me The Body - Death Sounds
http://www.youtube.com/watch?v=a7CTo2-bAA8,FKA twigs - How's That
http://www.youtube.com/watch?v=0-z5QMVBttU,Remy Banks - 7th heaven. (interlude) (Prod. MacKrule)
http://www.youtube.com/watch?v=83p69JhDnwU,Lil B - No Black Person Is Ugly *MUSIC VIDEO* MOST POWERFUL SONG OF THE DECADE?
http://www.youtube.com/watch?v=PMM-oad3i54,Detroit in Effect - R U Married (1997)
http://www.youtube.com/watch?v=j_56QEKDtHE,Homeboy Sandman - America the Beautiful
http://www.youtube.com/watch?v=8pbdLqTh_x4,darwin deez - radar detector (official video)
http://www.youtube.com/watch?v=9nnmbTQQ5uU,LOFTY305- POSHBURGER DREAM SEQUENCE
http://www.youtube.com/watch?v=Vnh3djgyFdM,OCTOPUSBACON
http://www.youtube.com/watch?v=Jky_hlmYHVk,Howes - Crease Fusion
http://www.youtube.com/watch?v=9gNhd1n9eAY,CULT MOUNTAIN - SMFDB
http://www.youtube.com/watch?v=o_PizwmFnoU,"Da$H - ""Parachute Escape / Counseling"" (OFFICIAL MUSIC VIDEO)"
http://www.youtube.com/watch?v=rQrDgQiWJV0,King Krule - Border Line
http://www.youtube.com/watch?v=zeF0rh1_Ueg,FrancescaSortino_INSIDE ART_Gerardo Frisina mix_featuring Fabrizio Bosso
http://www.youtube.com/watch?v=EDMzuOQ5gNQ,Remy Banks - rem. (feat. Nasty Nigel)
http://www.youtube.com/watch?v=TuJqUvBj4rE,DDWIWDD (Dan Deacon “When I Was Done Dying”) | Off The Air | Adult Swim
http://www.youtube.com/watch?v=wIuBcb2T55Q,"Mac DeMarco // ""My Kind of Woman"" (OFFICIAL VIDEO)"
http://www.youtube.com/watch?v=IFYOHrwi-W8,Hot Chocolate - Emma
http://www.youtube.com/watch?v=_wprtDXS3mA,Oscar - Daffodil Days
http://www.youtube.com/watch?v=JNwE_lVIko8,Klein - Open mind
http://www.youtube.com/watch?v=ox5S9m6iANk,Klein - Witch
http://www.youtube.com/watch?v=Srfe453YePI,Kali Uchis - Rush (Official Video)
http://www.youtube.com/watch?v=rivFCwwvoh8,Man Don't Care - Jme ft Giggs
http://www.youtube.com/watch?v=rJz0rq1gVLk,Death from Above 1979 - Virgins [Official Video]
http://www.youtube.com/watch?v=uImvs9X9duY,"""Have Mercy"" | Eryn Allen Kane"
http://www.youtube.com/watch?v=U4c9bBeUe4M,Towkio - .WAV Theory (prod. Towkio & The Social Experiment)
http://www.youtube.com/watch?v=1UNmeIPkGz4,Cousin Brian - Disposer
http://www.youtube.com/watch?v=cN10yLP9ht0,Private video
http://www.youtube.com/watch?v=10Kc7RK2rOs,Shamir - Call It Off (Official Music Video YTMAs)
http://www.youtube.com/watch?v=5eBCbUxMej4,Portico - '101' feat. Joe Newman (Official Video)
http://www.youtube.com/watch?v=6UvTPoDGzrY,PINS - Too Little Too Late
http://www.youtube.com/watch?v=-_ej1kp_h0g,BRTSH KNIGHTS - OUTTA YOUR MIND / STUCK ON U
http://www.youtube.com/watch?v=Pkww8QpOYQ4,Show Me The Body - Bone Soup
http://www.youtube.com/watch?v=TP9luRtEqjc,Jamie xx - Loud Places (ft Romy)
http://www.youtube.com/watch?v=NhY379hlDsk,"DONMONIQUE - Pilates (Kendall, Kylie, Miley) (OFFICIAL VIDEO)"
http://www.youtube.com/watch?v=3xDatKoM4nc,"OKAY KAYA - Damn, Gravity"
http://www.youtube.com/watch?v=I8BbcpW-BR4,Dems - 'Wake' (Official Video)
http://www.youtube.com/watch?v=2YWsx88LZbM,PERFECT BLUNT 2 feat STEVIE LA FUHK . SENDAWG & YT
http://www.youtube.com/watch?v=JR7hZiFIQwM,Andre Jakai - Actuality | Directed by Dave Phoenix
http://www.youtube.com/watch?v=WDr-Mse4VOE,SQUAD DEEP - ANTWON & WIKI FT. LEE SPIELMAN PROD. BY SKYWLKR
http://www.youtube.com/watch?v=jmQlFOU4sTw,Salomon Faye - W.T.F.
http://www.youtube.com/watch?v=cwgsKqo4Edw,"SLICKYBOY ""KARMA"""
http://www.youtube.com/watch?v=AwDt7oGjwcY,JUNGLEPUSSY - ME
http://www.youtube.com/watch?v=F8IWgbH9sX0,FAIK - Oops
http://www.youtube.com/watch?v=XUnzKIJq-30,Lee Scott - Butter Fly (OFFICIAL VIDEO) (Prod. Dirty Dike)
http://www.youtube.com/watch?v=Nhm87YivsWM,GoldLink - Sober Thoughts ( Official Video )
http://www.youtube.com/watch?v=MsIBb8IhF6Q,BOK BOK & SWEYN JUPITER - Papaya Lipgloss
http://www.youtube.com/watch?v=4wwarO7Az6Y,JFSE
http://www.youtube.com/watch?v=YJtGgZz4src,Overreacting Under The Sea OFFICIAL VIDEO
http://www.youtube.com/watch?v=WB4SyLujxis,TODD TERJE - Alfonso Muskedunder (official video)
http://www.youtube.com/watch?v=2PdYvkaYsaU,Young Fathers - SHAME
http://www.youtube.com/watch?v=onI0bXp2CLU,ILLAMAN BAM BAM (OFFICIAL VIDEO)
http://www.youtube.com/watch?v=GWIhIAcuSXA,Dam-Funk - When I'm With U I Think of Her (Adolescent Funk)
http://www.youtube.com/watch?v=IAIeconvvgE,Ariel Pink - Jell-o (Official Video)
http://www.youtube.com/watch?v=Rwj389ssZd4,Towkio - World Turning feat. Joey Purp (prod. Caleb James)
http://www.youtube.com/watch?v=8IMTKQ5YoTw,This Will Destroy You: New Topia | Music Video | Adult Swim
http://www.youtube.com/watch?v=j8JQi8QmhJg,Lee Scott - Don't Tell Me (OFFICIAL VIDEO) (Prod. Dirty Dike)
http://www.youtube.com/watch?v=qhUi7INm0DM,James Pants - Artificial Lover
http://www.youtube.com/watch?v=BtV_Fw3VVoM,"JOSIAHWISE IS THE SERPENTWITHFEET - ""Curiosity of Other Men"""
http://www.youtube.com/watch?v=cuFMkvoRNqM,Arca - Sad Bitch
http://www.youtube.com/watch?v=Vmz3yyj8Vzo,Salomon Faye - Faye ( Feat. Enasni Leber ) | Official Music Video
http://www.youtube.com/watch?v=YXnp5ZYxJxQ,Show Me The Body - Space Faithful
http://www.youtube.com/watch?v=0PaYjJ7I7I0,Save The Child/Life - Andre Jakai
http://www.youtube.com/watch?v=0dfbor_KoaE,Henry Wu 'Just Negotiate' ft. Simeon Jones
http://www.youtube.com/watch?v=l2tux_oUr_k,Danny Lover - Jesus (prod by 19.thou$and) OFFICIAL VIDEO
http://www.youtube.com/watch?v=c47SAMqCalQ,Jonwayne - Minerals & Gems
http://www.youtube.com/watch?v=U_-ivCX5YtM,MARZ LÉON - W H I T E L I O N Z Official Music Video
http://www.youtube.com/watch?v=43X1GhKyUcc,Lydia Knows - Stevie La Fuhk Feat YT & Sendawg ( Prod by YT )
http://www.youtube.com/watch?v=vRHbGW9C4-M,Configa & HaStyle - Wut You Got
http://www.youtube.com/watch?v=Q7HkI3WBVic,poshgod - freeze me
http://www.youtube.com/watch?v=MQOG5BkY2Bc,Skepta - Shutdown
http://www.youtube.com/watch?v=ur8Dj-T20f4,Saba feat. Eryn Allen Kane - Burnout (Official Video @HOTC_TV)